{
    "metrics": {
        "vus": {
            "value": 8,
            "min": 7,
            "max": 12
        },
        "data_sent": {
            "count": 224473,
            "rate": 3718.6286872000105
        },
        "http_req_sending": {
            "avg": 0.37484388009991676,
            "min": 0,
            "med": 0.2518,
            "p(90)": 0.5266,
            "p(95)": 0.6331,
            "max": 44.1641
        },
        "http_req_connecting": {
            "avg": 4.071224895920067,
            "min": 0,
            "med": 0,
            "p(90)": 0,
            "p(95)": 0,
            "max": 109.7092
        },
        "vus_max": {
            "value": 50,
            "min": 50,
            "max": 50
        },
        "iterations": {
            "count": 1201,
            "rate": 19.895813987995048
        },
        "http_req_failed": {
            "passes": 0,
            "fails": 1201,
            "thresholds": {
                "rate<0.03": false
            },
            "value": 0
        },
        "data_received": {
            "count": 872373,
            "rate": 14451.76597514505
        },
        "http_req_duration": {
            "p(90)": 395.212,
            "p(95)": 417.6067,
            "max": 733.4599,
            "avg": 377.8177848459614,
            "min": 349.8057,
            "med": 370.098,
            "thresholds": {
                "p(95)<1500": false
            }
        },
        "http_req_duration{expected_response:true}": {
            "p(90)": 395.212,
            "p(95)": 417.6067,
            "max": 733.4599,
            "avg": 377.8177848459614,
            "min": 349.8057,
            "med": 370.098
        },
        "http_req_tls_handshaking": {
            "p(95)": 0,
            "max": 127.1147,
            "avg": 4.422653122398001,
            "min": 0,
            "med": 0,
            "p(90)": 0
        },
        "checks": {
            "passes": 2402,
            "fails": 0,
            "value": 1
        },
        "http_req_receiving": {
            "avg": 0.9860111573688597,
            "min": 0,
            "med": 0.0884,
            "p(90)": 2.2967,
            "p(95)": 4.9851,
            "max": 164.3045
        },
        "http_reqs": {
            "rate": 19.895813987995048,
            "count": 1201
        },
        "http_req_waiting": {
            "p(95)": 412.661,
            "max": 733.2006,
            "avg": 376.4569298084929,
            "min": 341.0801,
            "med": 369.2674,
            "p(90)": 393.0753
        },
        "iteration_duration": {
            "p(95)": 559.6696,
            "max": 733.6472,
            "avg": 386.76928551207317,
            "min": 349.8057,
            "med": 370.7147,
            "p(90)": 409.646
        },
        "http_req_blocked": {
            "p(90)": 0,
            "p(95)": 0,
            "max": 231.6493,
            "avg": 8.51117876769359,
            "min": 0,
            "med": 0
        }
    },
    "root_group": {
        "id": "d41d8cd98f00b204e9800998ecf8427e",
        "groups": {},
        "checks": {
                "status is 200 or 201": {
                    "name": "status is 200 or 201",
                    "path": "::status is 200 or 201",
                    "id": "84a4ddb4484a5d859d169f8c46a575bf",
                    "passes": 1201,
                    "fails": 0
                },
                "response time < 1500 ms": {
                    "id": "b8c919f9556b60ec53ff0fa0b548a217",
                    "passes": 1201,
                    "fails": 0,
                    "name": "response time < 1500 ms",
                    "path": "::response time < 1500 ms"
                }
            },
        "name": "",
        "path": ""
    }
}