{
    "metrics": {
        "http_req_blocked": {
            "p(90)": 0,
            "p(95)": 0,
            "max": 727.026,
            "avg": 9.136402664446294,
            "min": 0,
            "med": 0
        },
        "vus": {
            "value": 7,
            "min": 7,
            "max": 13
        },
        "iteration_duration": {
            "max": 6550.307,
            "avg": 389.9758482098251,
            "min": 344.2658,
            "med": 366.4407,
            "p(90)": 393.5479,
            "p(95)": 559.9489
        },
        "data_received": {
            "count": 872969,
            "rate": 14464.936742403104
        },
        "http_reqs": {
            "count": 1201,
            "rate": 19.90035044500564
        },
        "http_req_duration{expected_response:true}": {
            "avg": 380.56153605328916,
            "min": 344.2658,
            "med": 365.768,
            "p(90)": 384.406,
            "p(95)": 398.0183,
            "max": 6550.307
        },
        "http_req_duration": {
            "avg": 380.56153605328916,
            "min": 344.2658,
            "med": 365.768,
            "p(90)": 384.406,
            "p(95)": 398.0183,
            "max": 6550.307,
            "thresholds": {
                "p(95)<1500": false
            }
        },
        "checks": {
            "passes": 2400,
            "fails": 2,
            "value": 0.9991673605328892
        },
        "http_req_failed": {
            "passes": 0,
            "fails": 1201,
            "thresholds": {
                "rate<0.03": false
            },
            "value": 0
        },
        "http_req_connecting": {
            "med": 0,
            "p(90)": 0,
            "p(95)": 0,
            "max": 107.9621,
            "avg": 4.112269691923396,
            "min": 0
        },
        "http_req_tls_handshaking": {
            "med": 0,
            "p(90)": 0,
            "p(95)": 0,
            "max": 623.9315,
            "avg": 4.998665945045794,
            "min": 0
        },
        "http_req_receiving": {
            "p(95)": 2.5112,
            "max": 25.7206,
            "avg": 0.6851549542048303,
            "min": 0,
            "med": 0.1005,
            "p(90)": 1.4571
        },
        "vus_max": {
            "max": 50,
            "value": 50,
            "min": 50
        },
        "http_req_waiting": {
            "max": 6550.307,
            "avg": 379.6036591174026,
            "min": 342.4299,
            "med": 364.7518,
            "p(90)": 383.3305,
            "p(95)": 396.6628
        },
        "data_sent": {
            "rate": 3719.360585336083,
            "count": 224466
        },
        "iterations": {
            "count": 1201,
            "rate": 19.90035044500564
        },
        "http_req_sending": {
            "avg": 0.2727219816819318,
            "min": 0,
            "med": 0,
            "p(90)": 0.6338,
            "p(95)": 0.7568,
            "max": 56.4675
        }
    },
    "root_group": {
        "groups": {},
        "checks": {
                "status is 200 or 201": {
                    "name": "status is 200 or 201",
                    "path": "::status is 200 or 201",
                    "id": "84a4ddb4484a5d859d169f8c46a575bf",
                    "passes": 1201,
                    "fails": 0
                },
                "response time < 1500 ms": {
                    "id": "b8c919f9556b60ec53ff0fa0b548a217",
                    "passes": 1199,
                    "fails": 2,
                    "name": "response time < 1500 ms",
                    "path": "::response time < 1500 ms"
                }
            },
        "name": "",
        "path": "",
        "id": "d41d8cd98f00b204e9800998ecf8427e"
    }
}